text,url
ShadowFox,https://www.shadowfox.org.in/
Our Approach,https://www.shadowfox.org.in/approach
Domains,https://www.shadowfox.org.in/domains
Shop,https://www.shadowfox.org.in/merch
Verify,https://www.shadowfox.org.in/verify
Register,https://forms.gle/s2sxbLVDF7mJEUcu8
Become an Ambassador,https://forms.gle/SLVzxry3nijcgwVc8
LinkedIn,https://www.linkedin.com/company/shadowfoxinfo/
Join the community,https://chat.whatsapp.com/CSSYJi4Q3C1GMiwvfRB19Y
support@shadowfox.in,mailto:support@shadowfox.in
+91-8095776765,tel:+918095776765
