tag,text
h1,A Learning Brandbuilt for outcomes.
h2,Hear From OurSuccess Stories
h4,Chetan Yadav
h4,Anushka Nair
h4,Patrick Udegor
h4,Prarthana R Karanth
h4,Shuban V Rao
h4,Rashi Sharma
h4,Chetan Yadav
h4,Anushka Nair
h4,Patrick Udegor
h4,Prarthana R Karanth
h4,Shuban V Rao
h4,Rashi Sharma
h4,Chetan Yadav
h4,Anushka Nair
h4,Patrick Udegor
h4,Prarthana R Karanth
h4,Shuban V Rao
h4,Rashi Sharma
h2,ShadowFox for Good
h2,Campus Ambassadors
h4,Explore
h4,Contact
h4,Charity
h4,Campus Ambassadors
